ues9151gs5,89771
ezc9678qi6,73459
onl0812dh1,38480
cyj0225ch1,48338
pop2875lh3,52080
wtc9125ie5,43979
edv2089lk5,63724
hca3158qa6,77663
ymh6360yp0,66622
pud8209og3,71893
paj3974rk1,25672
wyu2010yh8,69438
jjm4724rf7,61339
mxu9187yc7,51351
hgo4350kk1,71874
bwi0520bg6,71599
jbe2302vo4,52742
daz3029xa0,80918
pit2755xc1,29048
ckz3132br4,72577
wbe6935nu3,75952
ieg9308ea5,41986
sjd8775rz4,38948
cdc0302nn5,51723
kkp5277hz7,34119
spr4484ha6,76904
vzy2993me1,47825
llz3798pe3,72227
xfg5747zt9,54727
cxn7304er2,58541
umh6360yp0,3339
vzt2993me1,7002
